1;Alice
2;Sophia
3;J£lia
4;Laura
5;Isabella
6;Manuela
7;Luiza
8;Helena
9;Valentina
10;Giovanna
11;Maria Eduarda
12;Beatriz
13;Maria Clara
14;Maria Luiza
15;Helo°sa
16;Mariana
17;Lara
18;L°via
19;Lorena
20;Ana Clara
21;Isadora
22;Rafaela
23;Sarah
24;Yasmin
25;Ana Luiza
26;Let°cia
27;Nicole
28;Gabriela
29;Isabelly
30;Melissa
31;Cec°lia
32;Esther
33;Ana J£lia
34;Emanuelly
35;Clara
36;Marina
37;Rebeca
38;Vit¢ria
39;Isis
40;Lav°nia
41;Maria
42;Bianca
43;Ana Beatriz
44;Larissa
45;Maria Fernanda
46;Catarina
47;Al°cia
48;Maria Alice
49;Amanda
50;Ana
51;Miguel
52;Arthur
53;Davi
54;Pedro
55;Bernardo
56;Gabriel
57;Lucas
58;Matheus
59;Heitor
60;Rafael
61;Enzo
62;Nicolas
63;Lorenzo
64;Guilherme
65;Samuel
66;Theo
67;Felipe
68;Gustavo
69;Henrique
70;Jo∆o Pedro
71;Jo∆o Lucas
72;Daniel
73;Murilo
74;Vitor
75;Pedro Henrique
76;Eduardo
77;Leonardo
78;Pietro
79;Benjamin
80;Isaac
81;Jo∆o
82;Joaquim
83;Lucca
84;Caio
85;Vinicius
86;Cau∆
87;Bryan
88;Jo∆o Miguel
89;Vicente
90;Francisco
91;Antìnio
92;Ben°cio
93;Jo∆o Vitor
94;Enzo Gabriel
95;Davi Lucas
96;Davi Lucca
97;Thiago
98;Thomas
99;Emanuel
100;Enrico
